Theme,Prompt
"Futuristic Cityscapes", "A bustling futuristic cityscape where AI and humans coexist seamlessly, with drones flying overhead and digital billboards displaying AI-generated art"
"Digital Renaissance", "A digital recreation of a Renaissance scene, where figures interact with AI devices, blending classical beauty with modern technology"
"AI in Nature", "A serene forest where trees and wildlife are monitored and cared for by gentle AI robots, highlighting a balance between technology and natural preservation"
"Cybernetic Organisms", "A close-up of a flower with digital circuit patterns on its petals, symbolizing the fusion of organic life with AI enhancements"
"Virtual Reality Worlds", "An individual wearing a VR headset, transported to a breathtaking AI-created fantasy world, showcasing the limitless possibilities of virtual reality"
"AI as a Companion", "A friendly AI robot walking alongside a human in a park, offering guidance and companionship, symbolizing the supportive role of AI"
"Abstract Data Visualizations", "An abstract representation of a neural network, with flowing streams of data and colorful nodes, visualizing the complexity and beauty of AI algorithms"
"Steampunk AI", "A steampunk-inspired workshop with AI robots made of brass and gears, working alongside humans to invent new technologies"
"Space Exploration", "A robotic AI explorer navigating the rugged terrain of an alien planet, with a distant galaxy shining brightly in the sky above"
"Underwater Discoveries", "AI-powered submarines exploring coral reefs and ancient underwater ruins, illuminating the depths with advanced technology"
"Mythical Integration", "A majestic phoenix with digital wings soaring above a futuristic city, blending mythology with advanced AI technology"
"Digital Nomads", "A group of tech-savvy digital nomads in a remote, exotic location, using AI to work and communicate from anywhere in the world"
"Retro-Futurism", "A scene set in a neon-lit arcade from the 1980s, where gamers are playing AI-developed video games that predict future events"
"AI Guardians", "A powerful AI guardian overseeing the digital safety of a smart city, visualized as a holographic entity projecting from a city's central tower"
"Dystopian vs Utopian AI", "A split scene showing one side as a dystopian world overwhelmed by AI surveillance and control, and the other as a utopian society where AI enhances quality of life"
"Quantum Computing", "An ethereal quantum realm where qubits float in a space-like environment, representing the power and mystery of quantum computing in AI"
"AI in Sports and Fitness", "An athletic training session where an AI coach provides personalized feedback and strategies to an athlete wearing smart wearables"
"Education Through AI", "A futuristic classroom where holographic projections of AI tutors teach students from around the globe in an interactive learning environment"
"AI in Art and Music", "An AI painting a masterpiece while another composes a symphony, showcasing the creative potential of AI in art and music"
"AI as a Time Traveler", "An AI entity interacting with historical figures across different eras, from ancient civilizations to future societies, illustrating the timeless impact of AI"